,Unnamed: 0,Unnamed: 0.1,Anteil,Unnamed: 1,Company,BO,DS,Country
0,0,0,3.03%,0.0,Bâloise Holding AG,UBS Fund Management (Switzerland) AG,,Schweiz
1,1,1,3.725%,0.0,Bâloise Holding AG,LSV Asset Management,,USA
2,2,2,5.0055%,0.0,Bâloise Holding AG,Bâloise Holding AG,,Schweiz
3,3,3,7.17%,0.0,Bâloise Holding AG,Blackrock,,USA
4,5,0,5.8925%,0.0,Kardex AG,Elisabeth Buhofer-Rubli,,Schweiz
5,6,1,5.8925%,1.0,Kardex AG,Philipp Buhofer,BURU Holding AG,Schweiz
6,7,2,5.8925%,2.0,Kardex AG,Annelies Häcki Buhofer,,Schweiz
7,8,3,5.8925%,3.0,Kardex AG,Martin Buhofer,,Schweiz
8,9,4,5.02%,0.0,Kardex AG,EQMC EUROPE DEVELOPMENT CAPITAL FUND plc,,Irland
9,10,5,5.06%,0.0,Kardex AG,Invesco Ltd.,,Bermuda
10,11,6,7.13%,0.0,Kardex AG,"Alantra EQMC Asset Management, SGIIC, S.A.",,Spain
11,13,0,6.77%,0.0,Vifor Pharma AG,Remo Stoffel,,United Arab Emirates
12,14,1,6.77%,1.0,Vifor Pharma AG,Manuela Stoffel,Priora Suisse AG,United Arab Emirates
13,15,2,5.15%,0.0,Vifor Pharma AG,BNP PARIBAS SA,,France
14,17,4,20.38%,,Vifor Pharma AG,Martin und Rosmarie Ebner,,Schweiz
15,18,5,3.23%,,Vifor Pharma AG,Alecta pensionsförsäkring,,Schweden
16,19,0,10.17%,0.0,Landis+Gyr Group AG,Rudolf Maag,,Schweiz
17,20,1,3.765%,0.0,Landis+Gyr Group AG,Kjeld Kirk Kristiansen,,Denmark
18,21,2,3.765%,1.0,Landis+Gyr Group AG,Thomas Kirk Kristiansen,KIRKBI Invest A,Denmark
19,22,3,3.765%,2.0,Landis+Gyr Group AG,Sofie Kirk Kristiansen,S,Denmark
20,23,4,3.765%,3.0,Landis+Gyr Group AG,Agnete Kirk Thinggaard,,Denmark
21,24,5,3.32%,0.0,Landis+Gyr Group AG,JPMorgan Chase & Co.,,USA
22,25,0,3.44%,0.0,Swisscom AG,Blackrock,,USA
23,26,1,65.5%,0.0,Swisscom AG,Eidgenossenschaft,,Schweiz
24,28,0,0.05%,0.0,Sika AG,Sika AG,,Schweiz
25,29,1,10.0%,0.0,Sika AG,Compagnie de Saint-Gobain,,France
26,30,2,3.03%,0.0,Sika AG,Massachusetts Financial Services Company,,USA
27,31,3,3.369%,0.0,Sika AG,"The Capital Group Companies, Inc.",,USA
28,32,4,2.65%,0.0,Sika AG,William H. Gates III,,USA
29,33,5,2.65%,1.0,Sika AG,Melinda French Gates,Cascade Investment L.L.C.,USA
30,34,6,7.7%,0.0,Sika AG,Blackrock,,USA
31,38,1,10.3%,0.0,Swiss Prime Site AG,Blackrock,,USA
32,39,2,3.0005%,0.0,Swiss Prime Site AG,UBS Fund Management (Switzerland) AG,,Schweiz
33,40,3,3.06%,0.0,Swiss Prime Site AG,State Street Corporation,,USA
34,41,4,6.29%,0.0,Swiss Prime Site AG,Credit Suisse Funds AG,,Schweiz
35,43,0,3.02%,0.0,Georg Fischer AG,Impax Asset Management Limited,,UK
36,44,1,4.92%,0.0,Georg Fischer AG,Blackrock,,USA
37,45,0,3.25%,0.0,Galenica AG,Credit Suisse Funds AG,,Schweiz
38,46,1,4.84%,0.0,Galenica AG,Blackrock,,USA
39,47,2,4.97%,0.0,Galenica AG,UBS Fund Management (Switzerland) AG,,Schweiz
40,49,4,3%,,Galenica AG,Rudolf Maag,,Schweiz
41,50,5,4%,,Galenica AG,Alecta Pensionsförsäkring,,Sweden
42,51,0,3.006%,0.0,Siegfried Holding AG,Dimensional Holdings Inc.,,USA
43,52,1,1.0033333333333300%,0.0,Siegfried Holding AG,René Braginsky,,Schweiz
44,53,2,1.0033333333333300%,1.0,Siegfried Holding AG,Susanne Braginsky,Braginsky Family Office AG,Schweiz
45,54,3,1.0033333333333300%,2.0,Siegfried Holding AG,David Braginsky,René Braginsky,Israel
46,55,4,0.75%,0.0,Siegfried Holding AG,Credit Suisse Funds AG,,Schweiz
47,57,6,0.75%,0.0,Siegfried Holding AG,Siegfried Holding AG,,Schweiz
48,60,0,2.07%,0.0,Cembra Money Bank AG,Cembra Money Bank AG,,Schweiz
49,61,1,3.0006%,0.0,Cembra Money Bank AG,Credit Suisse Funds AG,,Schweiz
50,62,2,4.99%,0.0,Cembra Money Bank AG,Pictet Asset Management SA (Direction de Fonds),,Schweiz
51,63,3,5.41%,0.0,Cembra Money Bank AG,UBS Fund Management (Switzerland) AG,,Schweiz
52,64,4,5.8%,0.0,Cembra Money Bank AG,Blackrock,,USA
53,65,0,3.013%,0.0,Flughafen Zürich AG,Lazard Asset Management LLC,,USA
54,66,1,3.04%,0.0,Flughafen Zürich AG,Blackrock,,USA
55,67,2,5.5%,0.0,Flughafen Zürich AG,Chase Nominees Ltd.,,UK
56,68,3,49%,,Flughafen Zürich AG,Finanzdirektion des Kantons Zürich,,Schweiz
57,69,4,5.1%,,Flughafen Zürich AG,Stadt Zürich,,Schweiz
58,70,0,10.15%,0.0,Vontobel Holding AG,Vontobel-Stiftung (gemeinnützige Stiftung),,Schweiz
59,71,1,10.15%,1.0,Vontobel Holding AG,Pellegrinus Holding  (kontrolliert durch Corvus Stiftung),,Schweiz
60,72,2,10.15%,2.0,Vontobel Holding AG,Vontrust AG,,Schweiz
61,73,3,10.15%,,Vontobel Holding AG,Advontes AG,,Schweiz
62,74,4,10.15%,,Vontobel Holding AG,Kathrin Kobel-Vontobel,,Schweiz
63,75,0,3.004%,0.0,Novartis AG,"The Capital Group Companies, Inc.",,USA
64,76,1,3.30169%,0.0,Novartis AG,Emasan AG,,Schweiz
65,77,2,4.14%,0.0,Novartis AG,"BlackRock, Inc., New York, NY, U.S.A. (Mother Company)",,Schweiz
66,78,3,5.0079%,0.0,Novartis AG,Novartis AG,,Schweiz
67,82,0,3.733333333333330%,0.0,Interroll Holding AG,Ghisalberti Moretti Bruna,,Italien
68,83,1,3.733333333333330%,1.0,Interroll Holding AG,Ghisalberti Marco,,Italien
69,84,2,3.733333333333330%,2.0,Interroll Holding AG,Ghisalberti Fabio,,Italien
70,85,3,3.52%,0.0,Interroll Holding AG,Invesco Ltd.,,USA
71,86,4,4.27%,0.0,Interroll Holding AG,"Stiftung ""Erlebnispark Fördertechnik"" gGmbH",,Deutschland
72,87,5,4.9996%,0.0,Interroll Holding AG,Allianz SE,,Deutschland
73,88,6,5.12%,0.0,Interroll Holding AG,Groupama Asset Management,,Frankreich
74,89,7,3.27%,0.0,Interroll Holding AG,Dieter Specht,,Schweiz
75,90,8,3.27%,1.0,Interroll Holding AG,Ingo Specht,,Schweiz
76,91,9,3.27%,2.0,Interroll Holding AG,Daniela Specht,,Schweiz
77,95,0,5.21%,0.0,Geberit AG,Blackrock,,USA
78,97,0,3.09%,0.0,Swiss Life Holding AG,UBS Fund Management (Switzerland) AG,,Schweiz
79,98,1,5.0157%,0.0,Swiss Life Holding AG,Swiss Life Holding AG,,Schweiz
80,99,2,5.28%,0.0,Swiss Life Holding AG,Blackrock,,USA
81,100,0,3.002%,0.0,ALSO Holding AG,J Safra Sarasin Investmentfonds AG,,Schweiz
82,101,1,51.3%,0.0,ALSO Holding AG,Walter P.J. Droege,,Deutschland
83,102,0,3.27%,0.0,LEM Holding SA,Invesco Ltd,,USA
84,103,1,4.739%,0.0,LEM Holding SA,J.Safra Sarasin Investmentfonds AG,,Schweiz
85,104,2,25.0065%,0.0,LEM Holding SA,Werner O. Weber,,Schweiz
86,105,3,25.0065%,1.0,LEM Holding SA,Ulrich (named Ueli) Wampfler,Wemaco Invest AG,Schweiz
87,106,4,9.44%,0.0,LEM Holding SA,Ruth Wertheimer,,Israel
88,108,0,6.93%,0.0,Givaudan SA,William H. III Gates,,USA
89,109,1,6.93%,1.0,Givaudan SA,Melinda French Gates,Cascade Investment LLC,USA
90,110,2,3.04%,0.0,Givaudan SA,Gartmore Investment Management plc,,UK
91,111,3,5.04%,0.0,Givaudan SA,MFS Investment Management,,USA
92,112,4,5.06%,0.0,Givaudan SA,Blackrock,,USA
93,114,0,3.02%,0.0,Lonza Group AG,Artisan Partners Limited Partnership,,USA
94,115,1,9.67%,0.0,Lonza Group AG,Blackrock,,USA
95,117,0,4.7825%,0.0,INFICON Holding AG,Frey Beat,,Schweiz
96,118,1,4.7825%,1.0,INFICON Holding AG,Frey Brigitte,KWE Beteiligungen AG,Schweiz
97,119,2,4.7825%,2.0,INFICON Holding AG,Frey Vanessa,,Schweiz
98,120,3,4.7825%,3.0,INFICON Holding AG,Frey Alexandra,,UK
99,121,4,3.07%,0.0,INFICON Holding AG,Blackrock,,USA
100,122,5,3.11%,0.0,INFICON Holding AG,1832 Asset Management L.P.,,Canada
101,123,6,3.189%,0.0,INFICON Holding AG,"Ameriprise Financial, Inc.",,USA
102,125,8,9.84%,0.0,INFICON Holding AG,Ruth Wertheimer,,Israel
103,129,0,33.33%,0.0,Roche Holding AG,Novartis Holding AG,,Schweiz
104,130,1,2.813125%,0.0,Roche Holding AG,André Hoffmann,,Schweiz
105,131,2,2.813125%,1.0,Roche Holding AG,Marie-Anne Hoffmann,Artuma Holding AG,Schweiz
106,132,3,2.813125%,2.0,Roche Holding AG,Vera Michalski,,Schweiz
107,133,4,2.813125%,3.0,Roche Holding AG,Alexander Hoffmann,,Singapore
108,134,5,2.813125%,0.0,Roche Holding AG,Oeri Maja,,Schweiz
109,135,6,2.813125%,,Roche Holding AG,Frederic Hoffmann,,UK
110,136,7,2.813125%,,Roche Holding AG,Isabel Hoffmann,,UK
111,137,8,2.813125%,,Roche Holding AG,Lucas Hoffmann,,Schweiz
112,138,9,2.813125%,,Roche Holding AG,Marina Hoffmann,,Schweiz
113,139,10,2.813125%,,Roche Holding AG,Kasia Barbotin-Larrieu,,Schweiz
114,140,11,2.813125%,,Roche Holding AG,Tatiana Fabre,,Schweiz
115,141,12,2.813125%,,Roche Holding AG,Andreas Oeri,,Schweiz
116,142,13,2.813125%,,Roche Holding AG,Catherine Oeri,,Schweiz
117,143,14,2.813125%,,Roche Holding AG,Sabine Duschmalé,,Schweiz
118,144,15,2.813125%,,Roche Holding AG,Jörg Duschmalé,,Schweiz
119,145,16,2.813125%,,Roche Holding AG,Lukas Duschmalé,,Schweiz
120,146,17,2.813125%,,Roche Holding AG,Stiftung Wolf,,Schweiz
121,147,0,3.14%,0.0,VZ Holding AG,Mawer Investment Management Ltd.,,Canada
122,148,1,60.87%,0.0,VZ Holding AG,Matthias Reinhart,,Schweiz
123,149,0,3.01%,0.0,Forbo Holding AG,Credit Suisse Funds AG,,Schweiz
124,150,1,30.03%,0.0,Forbo Holding AG,Artemis Beteiligungen I AG,,Schweiz
125,151,2,4.98%,0.0,Forbo Holding AG,UBS Fund Management (Switzerland) AG,,Schweiz
126,152,0,16.5%,0.0,Jungfraubahn Holding AG,Berner Kantonalbank,,Schweiz
127,153,1,2.035%,0.0,Jungfraubahn Holding AG,Epicea Holding AG,,Schweiz
128,154,2,2.035%,1.0,Jungfraubahn Holding AG,Montalto Holding AG,Reinhardt Erwin,Schweiz
129,155,3,4.71%,0.0,Jungfraubahn Holding AG,Securitas AG Schweizerische Bewachungsgesellschaft,,Schweiz
130,156,4,4.0%,0.0,Jungfraubahn Holding AG,Martin Haefner,,Schweiz
131,157,5,6.0%,0.0,Jungfraubahn Holding AG,Gebäudeversicherung des Kantons Bern,,Schweiz
132,158,0,3.03%,0.0,Credit Suisse Group AG,Silchester International Investors LLP,,UK
133,159,1,3.06%,0.0,Credit Suisse Group AG,Dodge & Cox,,USA
134,160,2,3.09%,0.0,Credit Suisse Group AG,Dodge & Cox International Stock Fund,,USA
135,161,3,4.17%,0.0,Credit Suisse Group AG,Blackrock,,USA
136,162,4,4.97%,0.0,Credit Suisse Group AG,Harris Associates Investment Trust,,USA
137,163,5,4.98%,0.0,Credit Suisse Group AG,Norges Bank (the Central Bank of Norway),,Norway
138,164,6,1.24975%,0.0,Credit Suisse Group AG,Khaled Olayan,,Saudi Arabia
139,165,7,1.24975%,1.0,Credit Suisse Group AG,Lubna Olayan,Competrol Establishment,Saudi Arabia
140,166,8,1.24975%,2.0,Credit Suisse Group AG,Hayat Olayan,Lubna Olayan,Saudi Arabia
141,167,9,1.24975%,3.0,Credit Suisse Group AG,a trust for the benefit of Hutham Olayan,,Fürstentum Liechtenstein
142,168,10,5.17%,0.0,Credit Suisse Group AG,Harris Associates L.P.,,USA
143,169,11,5.33%,0.0,Credit Suisse Group AG,Credit Suisse Group AG,,Schweiz
144,170,12,5.6%,0.0,Credit Suisse Group AG,State of Qatar,,Qatar
145,172,0,6.8075%,0.0,dormakaba Holding AG,Christine Mankel,,Deutschland
146,173,1,6.8075%,1.0,dormakaba Holding AG,Stephanie Brecht-Bergen,Familie Mankel Industriebeteiligungs GmbH+Co. KGaA (FM KGaA),Deutschland
147,174,2,6.8075%,2.0,dormakaba Holding AG,Karl-Rudolf Mankel,,Deutschland
148,175,3,6.8075%,3.0,dormakaba Holding AG,Martina Bössow-Kuenzle,,United Arab Emirates
149,176,4,3.23%,0.0,dormakaba Holding AG,"T. Rowe Price Associates, Inc.",,Schweiz
150,200,0,0.871%,0.0,Partners Group Holding AG,Partners Group Holding AG,,Schweiz
151,201,1,4.996666666666670%,0.0,Partners Group Holding AG,Alfred Gantner,,Schweiz
152,203,3,0.6544444444444440%,0.0,Partners Group Holding AG,Alfred Gantner,,Schweiz
153,209,9,4.996666666666670%,1.0,Partners Group Holding AG,Marcel Erni,,Schweiz
154,211,11,0.6544444444444440%,0.0,Partners Group Holding AG,Marcel Erni,,Schweiz
155,217,17,4.996666666666670%,2.0,Partners Group Holding AG,Urs Wietlisbach,,Schweiz
156,219,19,0.6544444444444440%,0.0,Partners Group Holding AG,Urs Wietlisbach,,Schweiz
157,225,25,7.84%,0.0,Partners Group Holding AG,"Morgan Stanley, c",,USA
158,226,26,7.84%,1.0,Partners Group Holding AG,o The Corporation Trust Company (DE),Morgan Stanley & Co. International plc,USA
159,227,27,6.14%,0.0,Partners Group Holding AG,Blackrock,,USA
160,230,0,0.82%,0.0,ams AG,ams AG,,Österreich
161,231,1,2.8%,0.0,ams AG,"Norges Bank (the Central Bank of Norway), Oslo, Norway",,Norway
162,232,2,3.002%,0.0,ams AG,UBS Fund Management (Switzerland) AG,,Schweiz
163,233,3,4.98%,0.0,ams AG,Blackrock,,USA
164,234,4,5.404%,0.0,ams AG,Temasek Holdings (Private) Limited,,Singapore
165,235,5,5.75%,0.0,ams AG,Credit Suisse Group AG,,Schweiz
166,237,0,18.6%,0.0,Huber+Suhner AG,Metrohm AG,,Schweiz
167,238,1,3.07%,0.0,Huber+Suhner AG,Norges Bank (the Central Bank of Norway),,Norway
168,239,2,0.7975%,0.0,Huber+Suhner AG,Ruedi Huber,,Schweiz
169,240,3,0.7975%,1.0,Huber+Suhner AG,Helene Huber,Huwa Finanz- und Beteiligungs AG,Schweiz
170,241,4,0.7975%,2.0,Huber+Suhner AG,Nick Huber,,Schweiz
171,242,5,0.7975%,3.0,Huber+Suhner AG,Luc Hubeli,,Schweiz
172,243,6,3.84%,0.0,Huber+Suhner AG,HUBER+SUHNER AG,,Schweiz
173,244,7,5.23%,0.0,Huber+Suhner AG,Ernst Göhner Stiftung,,Schweiz
174,245,8,6.23%,0.0,Huber+Suhner AG,Hoffmann-Suhner Sylvia,,Schweiz
175,252,0,12.34%,0.0,Straumann Holding AG,Maag Rudolf,,Schweiz
176,253,1,17.3%,0.0,Straumann Holding AG,Straumann Dr. Thomas,,Schweiz
177,254,2,3.02%,0.0,Straumann Holding AG,"The Capital Group Companies, Inc.",,USA
178,255,3,4.31%,0.0,Straumann Holding AG,Gabriella Straumann,,Schweiz
179,256,4,4.9%,0.0,Straumann Holding AG,Simone Maag de Moura Cunha,,Schweiz
180,257,5,7.26%,0.0,Straumann Holding AG,Blackrock,,USA
181,260,0,3.02%,0.0,Kühne + Nagel International AG,Blackrock,,USA
182,261,1,4.24%,0.0,Kühne + Nagel International AG,Kühne-Stiftung,,Schweiz
183,262,2,55.75%,0.0,Kühne + Nagel International AG,Kühne Holding AG,,Schweiz
184,263,0,5.533333333333330%,0.0,SGS SA,Stichting Administratiekantoor Frère-Bourgeois,,Niederlande
185,264,1,5.533333333333330%,1.0,SGS SA,Paul Junior DESMARAIS,Serena Sàrl,Canada
186,265,2,5.533333333333330%,2.0,SGS SA,André DESMARAIS,URDAC,Canada
187,266,3,3.02%,0.0,SGS SA,Massachusetts Financial Services Company,,USA
188,267,4,4.0%,0.0,SGS SA,Blackrock,,USA
189,269,0,3.0191%,0.0,Valiant Holding AG,Swisscanto Fondsleitung AG,,Schweiz
190,270,1,3.02%,0.0,Valiant Holding AG,Credit Suisse Funds AG,,Schweiz
191,271,2,5.001%,0.0,Valiant Holding AG,UBS Fund Management (Switzerland) AG,,Schweiz
192,272,0,10.68%,0.0,Allreal Holding AG,Helvetia Holding AG,,Schweiz
193,273,1,3.004%,0.0,Allreal Holding AG,Dimensional Holdings Inc.,,USA
194,274,2,3.11%,0.0,Allreal Holding AG,Basellandschaftliche Pensionskasse,,Schweiz
195,275,3,1.76%,0.0,Allreal Holding AG,Schweizerische Mobiliar Genossenschaft,,Schweiz
196,276,4,1.76%,1.0,Allreal Holding AG,Pensionskasse der Mitarbeitenden der Gruppe Mobiliar,Schweizerische Mobiliar Versicherungsgesellschaft AG,Schweiz
197,277,5,4.35%,0.0,Allreal Holding AG,PKE Vorsorgestiftung Energie,,Schweiz
198,279,7,6.03%,0.0,Allreal Holding AG,Credit Suisse Funds AG,,Schweiz
199,282,0,3.02%,0.0,LafargeHolcim Ltd,Norges Bank (the Central Bank of Norway),,Norway
200,283,1,3.09%,0.0,LafargeHolcim Ltd,Blackrock,,USA
201,284,2,8.52%,0.0,LafargeHolcim Ltd,"Schmidheiny, Thomas",,Schweiz
202,285,3,3.143333333333330%,0.0,LafargeHolcim Ltd,Stichting Administratiekantoor Frere-Bourgeois,,Niederlande
203,286,4,3.143333333333330%,1.0,LafargeHolcim Ltd,"Paul Desmarais Jr,.",Elliot Capital Sarl,Canada
204,287,5,3.143333333333330%,2.0,LafargeHolcim Ltd,Andre Desmarais,LTI One,Canada
205,291,0,24.56%,0.0,Sunrise Communications Group AG,freenet AG,,Deutschland
206,292,1,0.8125%,0.0,Sunrise Communications Group AG,Norges Bank (the Central Bank of Norway),,Norway
207,296,0,1.67%,0.0,GAM Holding AG,GAM Holding AG,,Schweiz
208,297,1,15.01%,0.0,GAM Holding AG,Silchester International Investors LLP,,UK
209,298,2,3.002%,0.0,GAM Holding AG,Dimensional Holdings Inc.,,USA
210,299,3,0.755%,0.0,GAM Holding AG,Norges Bank (The Central Bank of Norway),,Norway
211,301,5,0.755%,0.0,GAM Holding AG,Mario J. Gabelli,,USA
212,303,7,4.92%,0.0,GAM Holding AG,Kiltearn Partners LLP,,UK
213,304,8,4.96%,0.0,GAM Holding AG,T. Rowe Price Associates Inc.,,USA
214,305,9,5.065%,0.0,GAM Holding AG,Schroders plc,,UK
215,306,10,5.07%,0.0,GAM Holding AG,Credit Suisse Funds AG,,Schweiz
216,308,0,12.88%,0.0,Tecan Group AG,Chase Nominees Ltd.,,UK
217,309,1,3.008%,0.0,Tecan Group AG,Threadneedle Asset Management Holdings Ltd,,UK
218,311,3,3.03%,0.0,Tecan Group AG,Credit Suisse Funds AG,,Schweiz
219,312,4,3.076%,0.0,Tecan Group AG,Oppenheimer International Small Company Fund,,USA
220,313,5,4.93%,0.0,Tecan Group AG,Blackrock,,USA
221,314,6,4.99%,0.0,Tecan Group AG,UBS Fund Management (Switzerland) AG,,Schweiz
222,315,7,4.9%,0.0,Tecan Group AG,Government of Singapore Investment Corporation Pte Ltd,,Singapore
223,316,8,5.01%,0.0,Tecan Group AG,APG Asset Management N.V.,,Niederlande
224,317,9,5.617%,0.0,Tecan Group AG,Invesco Ltd.,,Bermuda
225,318,10,7.41%,0.0,Tecan Group AG,NN Group N.V.,,Niederlande
226,320,0,34.09%,0.0,Helvetia Holding AG,Patria Genossenschaft,,Schweiz
227,321,0,20.045%,0.0,Barry Callebaut AG,Jacobs Stiftung,,Schweiz
228,322,1,20.045%,1.0,Barry Callebaut AG,"Verein ""Jacobs Familienrat""",Jacobs Holding AG,Schweiz
229,323,2,7.39%,0.0,Barry Callebaut AG,Renata Jacobs,,Malta
230,324,0,0.7725%,0.0,Julius Bär Gruppe AG,Government of Singapore,,Singapore
231,326,2,0.7725%,0.0,Julius Bär Gruppe AG,UBS Fund Management (Switzerland) AG,,Schweiz
232,328,4,4.91%,0.0,Julius Bär Gruppe AG,Blackrock,,USA
233,329,5,4.95%,0.0,Julius Bär Gruppe AG,Harris Associates L.P.,,USA
234,330,6,9.9834%,0.0,Julius Bär Gruppe AG,MFS Investment Management,,USA
235,332,0,13.065%,0.0,Dätwyler Holding AG,Dr. Paul Hälg,,Schweiz
236,333,1,13.065%,1.0,Dätwyler Holding AG,Dr. Hanspeter Fässler,Pema Holding AG,Schweiz
237,334,2,13.065%,2.0,Dätwyler Holding AG,Claude R. Cornaz,,Schweiz
238,335,3,13.065%,3.0,Dätwyler Holding AG,Dr. Gabi Huber,,Schweiz
239,336,4,13.065%,,Dätwyler Holding AG,Hanno Ulmer,,Österreich
240,337,5,13.065%,,Dätwyler Holding AG,Zhiqiang Zhang,,China
241,338,0,5.085%,0.0,Sonova Holding AG,Beda Diethelm,,Schweiz
242,339,1,5.085%,1.0,Sonova Holding AG,Annamaria Diethelm-Pandiani,,Schweiz
243,340,2,3.01%,0.0,Sonova Holding AG,"FIL Limited (""FIL"")",,Bermuda
244,341,3,3.02%,0.0,Sonova Holding AG,Affiliated Managers Group Inc.,,USA
245,342,4,5.1%,0.0,Sonova Holding AG,Blackrock,,USA
246,343,5,5.23%,0.0,Sonova Holding AG,Chase Nominees Ltd.,,UK
247,344,6,1.89%,0.0,Sonova Holding AG,Hans-Ulrich Rihs,,Schweiz
248,345,7,1.89%,1.0,Sonova Holding AG,Gabriella Rihs,,Schweiz
249,346,8,1.89%,2.0,Sonova Holding AG,Stefan Rihs,,China
250,348,0,34.14%,0.0,Bucher Industries AG,Hauser Rudolf,,Schweiz
251,358,0,56.29%,0.0,Bossard Holding AG,"Verschiedene, Stiftung",,Schweiz
252,376,0,12.835%,0.0,Clariant AG,Public Investment Fund of Saudia Arabia (PIF),,Kingdom of Saudia Arabia
253,377,1,12.835%,1.0,Clariant AG,Clariant AG,SABIC International Holdings B.V.,Schweiz
254,378,2,1.745%,0.0,Clariant AG,Konstantin Alfred Winterstein,,Deutschland
255,379,3,1.745%,1.0,Clariant AG,Elisabeth Prinzessin zu Sayn-Wittgenstein,Blue Beteiligungsgesellschaft mbH,Deutschland
256,380,4,3.8%,0.0,Clariant AG,Blackrock,,United States
257,382,0,4.51%,0.0,Schindler Holding AG,Schindler Holding AG,,Schweiz
258,383,1,68.03%,0.0,Schindler Holding AG,Schindler Gruppe,,Schweiz
259,384,0,54.98%,0.0,SFS Group AG,"Vers, Helene Huber",,Schweiz
260,405,0,10.31%,0.0,Burckhardt Compression Holding AG,NN Group N.V.,,Niederlande
261,406,1,2.48%,0.0,Burckhardt Compression Holding AG,Valentin Vogt,,Schweiz
262,407,2,2.48%,1.0,Burckhardt Compression Holding AG,Harry Otz,TAW Holding AG,Schweiz
263,408,3,2.48%,2.0,Burckhardt Compression Holding AG,Leonhard Keller,Kewin Beteiligungen AG,Schweiz
264,409,4,2.48%,3.0,Burckhardt Compression Holding AG,Martin Heller,Kewin Holding AG,Schweiz
265,410,5,2.48%,4.0,Burckhardt Compression Holding AG,Marcel Pawlicek,Gabriela und Marcel Pawlicek-Eicher-Stiftung,Schweiz
266,411,6,2.81%,0.0,Burckhardt Compression Holding AG,J O Hambro Capital Management Limited,,UK
267,412,7,3.01%,0.0,Burckhardt Compression Holding AG,UBS Fund Management (Switerland) AG,,Schweiz
268,413,8,3.04%,0.0,Burckhardt Compression Holding AG,Blackrock,,USA
269,414,9,3.0545%,0.0,Burckhardt Compression Holding AG,Vontobel Fonds Services AG,,Schweiz
270,415,10,3.492%,0.0,Burckhardt Compression Holding AG,Ameriprise Financial Inc,,USA
271,416,11,5.03%,0.0,Burckhardt Compression Holding AG,Atlantic Value General Partner Limited,,UK
272,420,0,1.6603%,0.0,ABB Ltd,ABB Ltd,,Schweiz
273,421,1,10.03%,0.0,ABB Ltd,Investor AB,,Sweden
274,422,2,3.03%,0.0,ABB Ltd,Artisan Partners Limited Partnership,,USA
275,423,3,4.21%,0.0,ABB Ltd,Blackrock,,USA
276,424,4,1.48%,0.0,ABB Ltd,Lars Foerberg,,Schweiz
277,425,5,1.48%,1.0,ABB Ltd,Christer Gardell,Cevian Capital II Master Fund LP,Sweden
278,426,6,1.48%,2.0,ABB Ltd,Goeran Casserloev,Cevian Capital II Co-Investment Fund LP,Sweden
279,427,7,1.48%,3.0,ABB Ltd,Paine & Partners Capital Fund III GP Ltd,,Cayman Islands
280,429,0,2.6016666666666700%,0.0,DUFRY AG,Andrés Holzer Neumann,,Schweiz
281,430,1,2.6016666666666700%,1.0,DUFRY AG,Julian Diaz Gonzalez,Travel Retail Investment S.C.A.,Schweiz
282,431,2,2.6016666666666700%,2.0,DUFRY AG,Juan Carlos Torres,Petrus PTE Ltd,Schweiz
283,432,3,2.6016666666666700%,3.0,DUFRY AG,James S. Cohen,Witherspoon Investments LLC,USA
284,433,4,2.6016666666666700%,4.0,DUFRY AG,James S. Cohen Family Dynasty Trust,Petrus AG,USA
285,434,5,2.6016666666666700%,5.0,DUFRY AG,Dimitrios Koutsolioutsos,Laguna Partners AG,Greece
286,435,6,3.492%,0.0,DUFRY AG,JPMorgan Chase & Co.,,USA
287,436,7,4.65%,0.0,DUFRY AG,Blackrock,,USA
288,437,8,4.95%,0.0,DUFRY AG,"Franklin Resources, Inc.",,USA
289,438,9,5.000001%,0.0,DUFRY AG,Compagnie Financiere Rupert,,Schweiz
290,439,10,5.05%,0.0,DUFRY AG,Government of Singapore,,Singapore
291,440,11,6.92%,0.0,DUFRY AG,"State of Qatar, Doha, Qatar",,Qatar
292,444,0,5.019%,0.0,Emmi AG,"The Capital Group Companies, Inc.",,USA
293,445,1,21.316666666666700%,0.0,Emmi AG,ZMP Invest AG,,Schweiz
294,446,2,21.316666666666700%,1.0,Emmi AG,Zentralschweizer Milchkäuferverband Luzern (Genossenschaft),,Schweiz
295,447,3,21.316666666666700%,2.0,Emmi AG,MIBA Milchverband der Nordwestschweiz Liestal,,Schweiz
296,450,0,0.7525%,0.0,UBS Group AG,Dodge & Cox International Stock Fund,,USA
297,452,2,0.7525%,0.0,UBS Group AG,Norges Bank (the Central Bank of Norway),,Norway
298,455,5,3.03%,0.0,UBS Group AG,Dodge & Cox,,USA
299,456,6,3.05%,0.0,UBS Group AG,MFS Investment Management,,USA
300,457,7,4.99%,0.0,UBS Group AG,Blackrock,,USA
301,458,8,7.01%,0.0,UBS Group AG,UBS Group AG,,Schweiz
302,460,0,50.18%,0.0,Zuger Kantonalbank AG,Kanton Zug und Separatfondsverwaltung des Kantons Zug,,Schweiz
303,461,0,10.06%,0.0,Schweiter Technologies AG,1832 Asset Management L.P.,,Canada
304,462,1,6.32%,0.0,Schweiter Technologies AG,Beat Frey,,Schweiz
305,463,2,6.32%,1.0,Schweiter Technologies AG,Brigitte Frey,KWE Beteiligungen AG,Schweiz
306,464,3,6.32%,2.0,Schweiter Technologies AG,Vanessa Frey,VBF Holding AG,Schweiz
307,465,4,6.32%,3.0,Schweiter Technologies AG,Alexandra Frey,,UK
308,466,5,2.905%,0.0,Schweiter Technologies AG,Beat Siegrist,,Schweiz
309,467,6,2.905%,1.0,Schweiter Technologies AG,Irina Siegrist,Beat Siegrist Beteiligungen AG,Schweiz
310,468,0,15.93%,0.0,Valora Holding AG,Ernst Peter Ditsch,,Deutschland
311,469,1,17.45%,0.0,Valora Holding AG,Valora Holding AG,,Schweiz
312,470,2,3.0%,0.0,Valora Holding AG,Dimensonal Fund Advisors LP,,USA
313,471,3,4.62%,0.0,Valora Holding AG,Norges Bank (the Central Bank of Norway),,Norway
314,472,4,5.08%,0.0,Valora Holding AG,Credit Suisse Funds AG,,Schweiz
315,473,0,10.0%,0.0,BKW AG,Groupe E SA,,Schweiz
316,474,1,14.66%,0.0,BKW AG,BKW AG,,Schweiz
317,475,2,52.91%,0.0,BKW AG,"Kanton Bern, Finanzverwaltung",,Schweiz
318,477,0,3.06%,0.0,Komax Holding AG,"Credit Suisse Funds AG, Zürich",,Schweiz
319,478,1,3.07%,0.0,Komax Holding AG,"Alantra EQMC Asset Management, SGIIC, S.A.",,Spain
320,479,2,3.18%,0.0,Komax Holding AG,EQMC Europe Development Capital Fund PLC,,Irland
321,480,3,3.79%,0.0,Komax Holding AG,"BlackRock, Inc., New York, NY, U.S.A (Mother Company)",,USA
322,481,4,4.11%,0.0,Komax Holding AG,Steiner Leo,,Schweiz
323,482,5,4.962%,0.0,Komax Holding AG,Max Koch,,Schweiz
324,486,0,18.866666666666700%,0.0,Stadler Rail AG,Peter Spuhler,,Schweiz
325,487,1,18.866666666666700%,1.0,Stadler Rail AG,RAG-Stiftung,,Deutschland
326,488,2,18.866666666666700%,2.0,Stadler Rail AG,18 Members of the Board of Directors and,,Schweiz
327,490,0,4.15%,0.0,Pargesa Holding SA,"FIRST EAGLE INVESTMENT MANAGEMENT, LLC",,USA
328,491,1,25.150000000000000%,0.0,Pargesa Holding SA,Stichting Administratiekantoor Frère-Bourgeois,,Niederlande
329,492,2,25.150000000000000%,1.0,Pargesa Holding SA,Paul Junior DESMARAIS,Parjointco NV,Canada
330,493,3,25.150000000000000%,2.0,Pargesa Holding SA,André DESMARAIS,,Canada
331,495,0,67.89%,0.0,Banque Cantonale Vaudoise,Etat de Vaud,,Schweiz
332,496,0,3.59%,0.0,Intershop Holding AG,AXA S.A.,,Frankreich
333,497,1,34.32%,0.0,Intershop Holding AG,Martin und Rosemarie Ebner,,Schweiz
334,498,2,3.0%,0.0,Intershop Holding AG,Hansjörg Graf,,Schweiz
335,499,3,4.38%,0.0,Intershop Holding AG,Relag Holding AG,,Schweiz
336,500,0,3.01%,0.0,Nestlé AG,Nestlé S.A.,,Schweiz
337,501,1,3.5496%,0.0,Nestlé AG,"The Capital Group Companies, Inc.",,USA
338,502,2,4.96%,0.0,Nestlé AG,Blackrock,,USA
339,505,0,6.4271%,0.0,BELIMO Holding AG,Walter Linsi,,Schweiz
340,506,1,6.4271%,1.0,BELIMO Holding AG,Ursula Linsi,,Schweiz
341,507,2,6.4271%,2.0,BELIMO Holding AG,Bernadette Kälin,,Schweiz
342,508,3,0.755%,0.0,BELIMO Holding AG,Blackrock,,USA
343,510,5,3.06%,0.0,BELIMO Holding AG,Blackrock,,USA
344,511,6,0.755%,0.0,BELIMO Holding AG,1832 Asset Management L.P.,,Canada
345,513,8,3.557%,0.0,BELIMO Holding AG,Ameriprise Financial Inc.,,USA
346,514,9,5.2088%,0.0,BELIMO Holding AG,"The Capital Group Companies, Inc.",,USA
347,525,0,4.99%,0.0,Adecco Group AG,Silchester International Investors LLP,,UK
348,526,1,5.19%,0.0,Adecco Group AG,Blackrock,,Schweiz
349,529,0,3.02%,0.0,DKSH Holding AG,"Black Creek lnvestment Management Inc. (""Black Creek"")",,Canada
350,530,1,3.06%,0.0,DKSH Holding AG,Matthews Pacific Tiger Fund,,USA
351,531,2,9.1%,0.0,DKSH Holding AG,Andreas W. Keller,,Schweiz
352,532,3,9.1%,1.0,DKSH Holding AG,Adrian T. Keller,DKH Holding AG,Schweiz
353,533,4,9.1%,2.0,DKSH Holding AG,Francoise Blancpain,Diethelm Keller Holding AG,Schweiz
354,534,5,9.1%,3.0,DKSH Holding AG,Michele Blancpain,,Thailand
355,535,6,9.1%,4.0,DKSH Holding AG,Jean-Daniel de Schaller,,Schweiz
356,536,7,6.59%,0.0,DKSH Holding AG,"Matthews International Capital Management, LLC",,USA
357,538,0,10.13%,0.0,Comet Holding AG,Haldor Foundation,,Fürstentum Liechtenstein
358,539,1,3.63%,0.0,Comet Holding AG,UBS Fund Management (Switzerland AG),,Schweiz
359,540,2,5.07%,0.0,Comet Holding AG,Pictet Asset Management SA (Direction de Fonds),,Schweiz
360,541,3,10.13%,0.0,Comet Holding AG,Haldor Foundation,,Fürstentum Liechtenstein
361,543,0,5.049%,0.0,Zurich Insurance Group AG,"The Capital Group Companies, Inc.",,USA
362,544,1,5.07%,0.0,Zurich Insurance Group AG,Blackrock,,USA
363,547,0,10.34%,0.0,VAT Group AG,Rudolf Maag,,Schweiz
364,548,1,3.04%,0.0,VAT Group AG,"The Capital Group Companies, Inc.",,USA
365,549,2,3.28%,0.0,VAT Group AG,Blackrock,,USA
366,550,3,3.64%,0.0,VAT Group AG,Allianz SE,,Deutschland
367,551,4,8.32%,0.0,VAT Group AG,Invesco Ltd,,Bermuda
368,554,0,51.07%,0.0,Conzzeta AG,"Verschiedene Erben, Dr. Matthias Auer",,Schweiz
369,571,0,10.03%,0.0,Temenos AG,"The Capital Group Companies, Inc.",,USA
370,572,1,10.83%,0.0,Temenos AG,Martin and Rosmarie Ebner,,Schweiz
371,573,2,2.54%,0.0,Temenos AG,TEMENOS AG,,Schweiz
372,574,3,4.14%,0.0,Temenos AG,Baillie Gifford & Co,,UK
373,575,4,4.94%,0.0,Temenos AG,Blackrock,,USA
374,576,5,5.11%,0.0,Temenos AG,"T. Rowe Price Associates, Inc.",,USA
375,577,6,6.35%,0.0,Temenos AG,BNP PARIBAS SA,,France
376,581,0,5.01%,0.0,ARYZTA AG,Francisco Garcia Parames,,Spain
377,582,1,5.01%,1.0,ARYZTA AG,Maria Angeles Leon Lopez,"Cobas Asset Management, SGIIC, S.A.",Spain
378,583,2,3.004%,0.0,ARYZTA AG,Norges Bank (the Cnetral Bank of (Norway),,Norway
379,584,3,3.021%,0.0,ARYZTA AG,Oppenheimer International Growth Fund,,United States
380,585,4,3.18%,0.0,ARYZTA AG,Deutsche Bank Aktiengesellschaft,,Deutschland
381,586,5,4.31%,0.0,ARYZTA AG,ARYZTA AG,,Schweiz
382,587,6,4.97%,0.0,ARYZTA AG,Black Creek Investment Management Inc.,,Canada
383,588,7,4.98%,0.0,ARYZTA AG,Causeway Capital Management LLC,,United States
384,589,8,5.03%,0.0,ARYZTA AG,CI Financial Corp.,,Canada
385,590,9,5.85%,0.0,ARYZTA AG,JO Hambro Capital Management Ltd,,UK
386,591,0,48.82%,0.0,Sulzer AG,Victor F. Vekselberg,,Russland
387,593,0,3.001%,0.0,Mobimo Holding AG,Dimensional Holdings Inc.,,USA
388,594,1,4.95%,0.0,Mobimo Holding AG,Blackrock,,USA
389,595,2,5.5%,0.0,Mobimo Holding AG,Credit Suisse Funds AG,,Schweiz
390,598,0,3.06%,0.0,PSP Swiss Property AG,UBS Fund Management (Switzerland) AG,,Schweiz
391,599,1,5.2%,0.0,PSP Swiss Property AG,Credit Suisse Funds AG,,Schweiz
392,600,2,5.86%,0.0,PSP Swiss Property AG,Blackrock,,USA
393,601,3,9.05%,0.0,PSP Swiss Property AG,Alony-Hetz Properties and Investments Ltd.,,Israel
394,603,0,3.25%,0.0,SoftwareONE Holding AG,Pictet Asset Management SA,,Schweiz
395,604,1,10.293333333333300%,0.0,SoftwareONE Holding AG,Beat Alex Curti,,Schweiz
396,607,4,8.3825%,0.0,SoftwareONE Holding AG,Beat Alex Curti,,Schweiz
397,610,7,10.241666666666700%,0.0,SoftwareONE Holding AG,Beat Alex Curti,,Schweiz
398,613,10,10.293333333333300%,1.0,SoftwareONE Holding AG,von Stockar-Scherrer-Castell Daniel Marc,B. Curti Holding AG,Schweiz
399,616,13,8.3825%,1.0,SoftwareONE Holding AG,von Stockar-Scherrer-Castell Daniel Marc,B. Curti Holding AG,Schweiz
400,619,16,10.241666666666700%,1.0,SoftwareONE Holding AG,von Stockar-Scherrer-Castell Daniel Marc,B. Curti Holding AG,Schweiz
401,622,19,10.293333333333300%,2.0,SoftwareONE Holding AG,René Rudolf Gilli,,Schweiz
402,625,22,8.3825%,2.0,SoftwareONE Holding AG,René Rudolf Gilli,,Schweiz
403,628,25,10.241666666666700%,2.0,SoftwareONE Holding AG,René Rudolf Gilli,Raiffeisen Informatik GmbH & Co KG,Schweiz
404,631,28,8.3825%,3.0,SoftwareONE Holding AG,Peter Kurer,,Schweiz
405,632,29,4.07%,0.0,SoftwareONE Holding AG,Softwareone Holding AG,,Schweiz
406,633,30,6.78%,0.0,SoftwareONE Holding AG,"Current and former employees, officers and directors",,Schweiz
407,634,31,10.241666666666700%,3.0,SoftwareONE Holding AG,Anastasia Karolina Nielsen,Westminster Bidco S.à r.l.,Principality of Monaco
408,635,32,10.241666666666700%,4.0,SoftwareONE Holding AG,Leon Elias Winter,,Principality of Monaco
409,636,33,10.241666666666700%,5.0,SoftwareONE Holding AG,Raiffeisen-Holding Niederösteriech-Wien reg. Gen. mbH,,Österreich
410,637,34,0.5607142857%,0.0,SoftwareONE Holding AG,Marina Nielsen,,Principality of Monaco
411,639,36,0.5607142857%,,SoftwareONE Holding AG,Riaffeisenbank International AG,,Österreich
412,640,37,0.5607142857%,,SoftwareONE Holding AG,Kohlberg Kravis Roberts & Co. L.P.,,USA
413,641,38,0.5607142857%,,SoftwareONE Holding AG,Current and former employees,,Schweiz
414,642,39,0.5607142857%,,SoftwareONE Holding AG,Andreas Fleischmann,,Österreich
415,643,40,0.5607142857%,,SoftwareONE Holding AG,Johnannes Peter Huth,,France
416,644,41,0.5607142857%,,SoftwareONE Holding AG,Jean-Pierre Saad,,UK
417,645,42,0.5607142857%,,SoftwareONE Holding AG,Marrie-Pierre Rogers,,Schweiz
418,646,43,0.5607142857%,,SoftwareONE Holding AG,Timo Ihamuotila,,Schweiz
419,647,44,0.5607142857%,,SoftwareONE Holding AG,José Alberto Duarte,,France
420,648,45,0.5607142857%,,SoftwareONE Holding AG,Dieter Schlosser,,Singapore
421,649,46,0.5607142857%,,SoftwareONE Holding AG,Alex Alexandrov,,USA
422,650,47,0.5607142857%,,SoftwareONE Holding AG,Hans Grüter,,Schweiz
423,651,48,0.5607142857%,,SoftwareONE Holding AG,Niel Lomax,,Schweiz
424,652,0,57.47%,0.0,Liechtensteinische Landesbank AG,Fürstentum Liechtenstein,,Fürstentum Liechtenstein
425,653,1,3.0%,0.0,Liechtensteinische Landesbank AG,Haselsteiner Familien-Privatstiftung,,Schweiz
426,654,2,3.0%,1.0,Liechtensteinische Landesbank AG,grosso Holding Gesellschaft mbH,,Österreich
427,656,0,11.37%,0.0,Swiss Re AG,Swiss Re AG,,Schweiz
428,657,1,3.44%,0.0,Swiss Re AG,ELM B.V.,,Niederlande
429,658,2,5.05%,0.0,Swiss Re AG,Blackrock,,Schweiz
430,661,0,0.85%,0.0,Implenia AG,Implenia AG,,Schweiz
431,662,1,16.51%,0.0,Implenia AG,Max Rössler,,Schweiz
432,663,2,3.005%,0.0,Implenia AG,Dimensional Holdings Inc.,,USA
433,664,3,4.96%,0.0,Implenia AG,Credit Suisse Funds AG,,Schweiz
434,665,4,5.03%,0.0,Implenia AG,Norbert Ketterer,,Schweiz
435,666,5,5.41%,0.0,Implenia AG,Rudolf Maag,,Schweiz
436,668,0,56.04%,0.0,Ems-Chemie Holding AG,EMESTA HOLDING AG,,Schweiz
437,669,1,7.86%,0.0,Ems-Chemie Holding AG,Blomi Holding AG,,Schweiz
